{"parts":[{"origins":[[3.89711475,4.5],[1.948557375,3.375],[0.0,4.5],[-1.948557375,3.375],[-3.89711475,4.5],[-5.845672125,3.375],[-5.845672125,1.125],[-3.89711475,0.0],[-1.948557375,1.125],[0.0,0.0],[1.948557375,1.125],[3.89711475,0.0],[3.89711475,-2.25],[1.948557375,-3.375],[0.0,-2.25],[-1.948557375,-3.375],[-3.89711475,-2.25],[-5.845672125,-3.375]],"name":"NaPart1","grid_type":2,"insertions":[],"color":"#0066cc","virtual_helices":{"name":["vh0","vh1","vh2","vh3","vh4","vh5","vh6","vh7","vh8","vh9","vh10","vh11","vh12","vh13","vh14","vh15","vh16","vh17"],"helical_pitch":[1.0,1.0,1.0,1.0,1.0,1.0,1.0,1.0,1.0,1.0,1.0,1.0,1.0,1.0,1.0,1.0,1.0,1.0],"scamZ":[10.0,10.0,10.0,10.0,10.0,10.0,10.0,10.0,10.0,10.0,10.0,10.0,10.0,10.0,10.0,10.0,10.0,10.0],"color":["#0066cc","#0066cc","#0066cc","#0066cc","#0066cc","#0066cc","#0066cc","#0066cc","#0066cc","#0066cc","#0066cc","#0066cc","#0066cc","#0066cc","#0066cc","#0066cc","#0066cc","#0066cc"],"bases_per_repeat":[21,21,21,21,21,21,21,21,21,21,21,21,21,21,21,21,21,21],"minor_groove_angle":[180.0,180.0,180.0,180.0,180.0,180.0,180.0,180.0,180.0,180.0,180.0,180.0,180.0,180.0,180.0,180.0,180.0,180.0],"eulerZ":[0.0,0.0,0.0,0.0,0.0,0.0,0.0,0.0,0.0,0.0,0.0,0.0,0.0,0.0,0.0,0.0,0.0,0.0],"is_visible":[true,true,true,true,true,true,true,true,true,true,true,true,true,true,true,true,true,true],"z":[0.0,0.0,0.0,0.0,0.0,0.0,0.0,0.0,0.0,0.0,0.0,0.0,0.0,0.0,0.0,0.0,0.0,0.0],"length":[63,63,63,63,63,63,63,63,63,63,63,63,63,63,63,63,63,63],"turns_per_repeat":[2,2,2,2,2,2,2,2,2,2,2,2,2,2,2,2,2,2],"neighbor_active_angle":[0.0,0.0,0.0,0.0,0.0,0.0,0.0,0.0,0.0,0.0,0.0,0.0,0.0,0.0,0.0,0.0,0.0,0.0],"repeat_hint":[2,2,2,2,2,2,2,2,2,2,2,2,2,2,2,2,2,2],"neighbors":["[1]","[0, 2, 10]","[1, 3]","[2, 4, 8]","[3, 5]","[4, 6]","[5, 7]","[6, 8, 16]","[3, 7, 9]","[8, 10, 14]","[1, 9, 11]","[10, 12]","[11, 13]","[12, 14]","[9, 13, 15]","[14, 16]","[15, 7, 17]","[16]"]},"virtual_helix_order":[0,1,2,3,4,5,6,7,8,9,10,11,12,13,14,15,16,17],"max_vhelix_length":42,"active_phos":null,"crossover_span_angle":45,"strands":{"properties":[[["#0066cc","#0066cc"],["#007200","#03b6a2","#1700de"]],[["#57bb00","#007200","#03b6a2","#03b6a2","#1700de","#57bb00"],["#0066cc","#0066cc"]],[["#0066cc","#0066cc"],["#57bb00","#03b6a2","#1700de","#57bb00"]],[["#57bb00","#57bb00","#03b6a2","#03b6a2","#1700de","#57bb00"],["#0066cc","#0066cc"]],[["#0066cc","#0066cc"],["#57bb00","#0066cc","#1700de","#57bb00"]],[["#aaaa00","#57bb00","#0066cc","#1700de"],["#0066cc","#0066cc"]],[["#0066cc","#0066cc"],["#aaaa00","#57bb00","#03b6a2"]],[["#57bb00","#57bb00","#03b6a2","#03b6a2","#f7931e"],["#0066cc","#0066cc"]],[["#0066cc","#0066cc"],["#57bb00","#57bb00","#03b6a2","#03b6a2","#f7931e"]],[["#b8056c","#57bb00","#03b6a2","#03b6a2","#f74308"],["#0066cc","#0066cc"]],[["#0066cc","#0066cc"],["#57bb00","#007200","#03b6a2","#03b6a2","#f74308"]],[["#57bb00","#007200","#03b6a2"],["#0066cc","#0066cc"]],[["#0066cc","#0066cc"],["#57bb00","#007200","#0066cc","#cc0000"]],[["#007200","#0066cc","#cc0000","#57bb00"],["#0066cc","#0066cc"]],[["#0066cc","#0066cc"],["#b8056c","#57bb00","#03b6a2","#03b6a2","#cc0000","#57bb00"]],[["#57bb00","#03b6a2","#cc0000","#57bb00"],["#0066cc","#0066cc"]],[["#0066cc","#0066cc"],["#57bb00","#57bb00","#03b6a2","#03b6a2","#cc0000","#57bb00"]],[["#57bb00","#03b6a2","#cc0000"],["#0066cc"]]],"indices":[[[[5,20],[21,57]],[[5,20],[21,41],[42,57]]],[[[5,13],[14,20],[21,34],[35,41],[42,48],[49,57]],[[5,32],[33,57]]],[[[5,32],[33,57]],[[5,20],[21,41],[42,48],[49,57]]],[[[5,13],[14,20],[21,34],[35,41],[42,48],[49,57]],[[5,32],[33,57]]],[[[5,32],[33,57]],[[5,20],[21,41],[42,48],[49,57]]],[[[5,13],[14,20],[21,41],[42,57]],[[5,29],[30,57]]],[[[2,29],[30,53]],[[2,13],[14,27],[28,53]]],[[[2,13],[14,27],[28,34],[35,41],[42,53]],[[2,25],[26,53]]],[[[2,25],[26,53]],[[2,13],[14,27],[28,34],[35,41],[42,53]]],[[[2,13],[14,27],[28,34],[35,41],[42,53]],[[2,25],[26,53]]],[[[2,25],[26,53]],[[2,13],[14,27],[28,34],[35,41],[42,53]]],[[[2,13],[14,27],[28,53]],[[2,29],[30,53]]],[[[5,29],[30,57]],[[5,13],[14,20],[21,41],[42,57]]],[[[5,20],[21,41],[42,48],[49,57]],[[5,32],[33,57]]],[[[5,32],[33,57]],[[5,13],[14,20],[21,34],[35,41],[42,48],[49,57]]],[[[5,20],[21,41],[42,48],[49,57]],[[5,32],[33,57]]],[[[5,32],[33,57]],[[5,13],[14,20],[21,34],[35,41],[42,48],[49,57]]],[[[5,20],[21,41],[42,57]],[[5,57]]]]},"vh_list":[[0,63],[1,63],[2,63],[3,63],[4,63],[5,63],[6,63],[7,63],[8,63],[9,63],[10,63],[11,63],[12,63],[13,63],[14,63],[15,63],[16,63],[17,63]],"uuid":"9e4bd22a28fa49879c91b1f77eab1d4d","neighbor_active_angle":"","xovers":[[0,true,57,1,false,57],[0,false,21,1,true,21],[0,false,42,1,true,42],[1,true,13,10,false,13],[1,true,20,0,false,20],[1,true,34,10,false,34],[1,true,41,0,false,41],[1,true,48,2,false,48],[1,false,5,0,true,5],[1,false,33,2,true,33],[2,true,32,1,false,32],[2,true,57,3,false,57],[2,false,21,3,true,21],[2,false,42,3,true,42],[2,false,49,1,true,49],[3,true,13,8,false,13],[3,true,20,2,false,20],[3,true,34,8,false,34],[3,true,41,2,false,41],[3,true,48,4,false,48],[3,false,5,2,true,5],[3,false,33,4,true,33],[4,true,32,3,false,32],[4,true,57,5,false,57],[4,false,21,5,true,21],[4,false,42,5,true,42],[4,false,49,3,true,49],[5,true,13,6,false,13],[5,true,20,4,false,20],[5,true,41,4,false,41],[5,false,5,4,true,5],[5,false,30,6,true,30],[6,true,29,5,false,29],[6,true,53,7,false,53],[6,false,14,5,true,14],[6,false,28,7,true,28],[7,true,13,16,false,13],[7,true,27,6,false,27],[7,true,34,16,false,34],[7,true,41,8,false,41],[7,false,2,6,true,2],[7,false,26,8,true,26],[8,true,25,7,false,25],[8,true,53,9,false,53],[8,false,14,3,true,14],[8,false,28,9,true,28],[8,false,35,3,true,35],[8,false,42,7,true,42],[9,true,13,14,false,13],[9,true,27,8,false,27],[9,true,34,14,false,34],[9,true,41,10,false,41],[9,false,2,8,true,2],[9,false,26,10,true,26],[10,true,25,9,false,25],[10,true,53,11,false,53],[10,false,14,1,true,14],[10,false,28,11,true,28],[10,false,35,1,true,35],[10,false,42,9,true,42],[11,true,13,12,false,13],[11,true,27,10,false,27],[11,false,2,10,true,2],[11,false,30,12,true,30],[12,true,29,11,false,29],[12,true,57,13,false,57],[12,false,14,11,true,14],[12,false,21,13,true,21],[12,false,42,13,true,42],[13,true,20,12,false,20],[13,true,41,12,false,41],[13,true,48,14,false,48],[13,false,5,12,true,5],[13,false,33,14,true,33],[14,true,32,13,false,32],[14,true,57,15,false,57],[14,false,14,9,true,14],[14,false,21,15,true,21],[14,false,35,9,true,35],[14,false,42,15,true,42],[14,false,49,13,true,49],[15,true,20,14,false,20],[15,true,41,14,false,41],[15,true,48,16,false,48],[15,false,5,14,true,5],[15,false,33,16,true,33],[16,true,32,15,false,32],[16,true,57,17,false,57],[16,false,14,7,true,14],[16,false,21,17,true,21],[16,false,35,7,true,35],[16,false,42,17,true,42],[16,false,49,15,true,49],[17,true,20,16,false,20],[17,true,41,16,false,41],[17,false,5,16,true,5]],"is_visible":true,"point_type":0,"oligos":[{"name":"oligo2616","is_5p_fwd":false,"is_visible":true,"id_num":6,"color":"#03b6a2","sequence":null,"is_circular":false,"length":276,"idx5p":53},{"name":"oligo7704","is_5p_fwd":true,"is_visible":true,"id_num":3,"color":"#57bb00","sequence":null,"is_circular":false,"length":21,"idx5p":5},{"name":"oligo7816","is_5p_fwd":false,"is_visible":true,"id_num":12,"color":"#0066cc","sequence":null,"is_circular":true,"length":42,"idx5p":41},{"name":"oligo3912","is_5p_fwd":true,"is_visible":true,"id_num":7,"color":"#57bb00","sequence":null,"is_circular":false,"length":21,"idx5p":2},{"name":"oligo8184","is_5p_fwd":false,"is_visible":true,"id_num":4,"color":"#57bb00","sequence":null,"is_circular":false,"length":18,"idx5p":57},{"name":"oligo0616","is_5p_fwd":true,"is_visible":true,"id_num":17,"color":"#57bb00","sequence":null,"is_circular":false,"length":74,"idx5p":5},{"name":"oligo5080","is_5p_fwd":false,"is_visible":true,"id_num":8,"color":"#f7931e","sequence":null,"is_circular":false,"length":24,"idx5p":53},{"name":"oligo9656","is_5p_fwd":true,"is_visible":true,"id_num":11,"color":"#57bb00","sequence":null,"is_circular":false,